name,link,poster_url,rating,rating_count,description,cast,comments
无忧渡,https://www.iqiyi.com/tvg/to_page_url?album_id=NTUyNzQyNDA0NDQyMDMwMQ%3D%3D&app_version=13.034.21571&ext_params=rpage%3Dpcw_home%26block%3Dpca_recommend_hot_ranklist%26rseat%3Dimage_1%26r%3D5527424044420301%26position%3D2%26a%3Dimage%26bstp%3D3%26stype%3D0%26vfrm%3Dpcw_home%26vfrmblk%3Dpca_recommend_hot_ranklist%26vfrmrst%3Dimage_1&on_record=1&timestamp=1745514026839&tv_id=ODAzNTc5NjY1MjUyNzAwMA%3D%3D&sign=F4DE6A70552399DBF8D62EAF70853864,http://pic0.iqiyipic.com/image/20250423/b9/d2/a_100512298_m_601_m10_592_333.avif,"暂无推荐分
敬请期待","暂无推荐分
敬请期待",繁华的广平城，人妖共存，妖擅长隐匿形迹，伪装成人，却不被人所知。富家千金半夏有一双奇怪的眼睛，经常能看到那些子虚乌有的影子。因为这个，无论她多么循规蹈矩、乖巧懂事，仍会被人在背地叫做“疯子”。半夏戳破了堂嫂是妖的秘密，引来追杀，就此和捉妖师宣夜相识。宣夜对半夏眼睛的轻轻一吻，让她彻底看清了这个人妖共存的世界。他们一起调查了广平城中的碧玉梨回春、九命猫换命、《广平春晓图》一日轮回等多起诡异之事后，关系日渐亲密。但宣夜背负的秘密，却将半夏一次次推开，因为他逐渐发现，自己虽身为捉妖师，却很有可能也是妖……,"林玉芬, 梁胜权, 曹华 （导演）, 黄肖英, 任嘉伦, 宋祖儿, 宣言, 范帅琦, 刘若谷, 刘琪锜, 张垒, 曹骏, 姚一奇, 赫雷, 王伊瑶, 陈家乐, 哈妮克孜, 张永刚, 张子鑫, 李彧, 魏子昕, 吴崇轩, 厉嘉琪, 孙天宇, 郭家诺, 韩帅, 霍星宇, 李进荣, 徐百慧","[{""nickname"": ""逸晨想要点一杯Mojit..."", ""user_id"": ""2402056730"", ""avatar_url"": ""https://img7.iqiyipic.com/passport/20250412/53/b8/passport_2402056730_174445290712336_130_130.jpg"", ""comment_time"": ""04-12"", ""comment_content"": ""我们宣夜又帅又飒，无忧渡剧情好吸引人，超级期待！"", ""like_count"": ""7095""}, {""nickname"": ""绛梨暮叶"", ""user_id"": ""1376886949"", ""avatar_url"": ""https://img7.iqiyipic.com/passport/20250419/36/8b/passport_1376886949_174504079398561_130_130.jpg"", ""comment_time"": ""04-12"", ""comment_content"": ""来支持祖儿啦"", ""like_count"": ""4616""}, {""nickname"": ""最喜欢追剧的朋友"", ""user_id"": ""1502321492"", ""avatar_url"": ""https://img7.iqiyipic.com/passport/20240725/0a/84/passport_1502321492_172182366178328_130_130.jpg"", ""comment_time"": ""04-12"", ""comment_content"": ""最爱的人最爱的题材…！！谁懂！！我想看！！等哭了[大哭][大哭][大哭]"", ""like_count"": ""3347""}, {""nickname"": ""折月亮咯"", ""user_id"": ""2156027249"", ""avatar_url"": ""https://img7.iqiyipic.com/passport/20220831/e2/67/passport_2156027249_166158054048193_130_130.jpg"", ""comment_time"": ""04-15"", ""comment_content"": ""谁懂啊内娱男主终于没有精致的眼妆和堪比女主华丽的造型，这才是一个穷困潦倒风餐露宿捉妖师应该有的妆造，看着太舒服了"", ""like_count"": ""753""}, {""nickname"": ""夜半三更🍂"", ""user_id"": ""1506972777"", ""avatar_url"": ""https://img7.iqiyipic.com/passport/20210824/e8/a7/passport_1506972777_162972562676391_130_130.png"", ""comment_time"": ""04-12"", ""comment_content"": ""来了！！！！！！！我的无忧渡，我的久宣夜！[色]"", ""like_count"": ""2268""}, {""nickname"": ""爱吃苹果の纳兰孟乐"", ""user_id"": ""1392991191"", ""avatar_url"": ""https://img7.iqiyipic.com/passport/20170225/73/7f/passport_1392991191_148801010419898_130_130.jpg"", ""comment_time"": ""04-12"", ""comment_content"": ""#最强捉妖搭档#宣夜终于来啦，最强捉妖师已上工，捉妖搭子在哪里～"", ""like_count"": ""2064""}, {""nickname"": ""忆江也"", ""user_id"": ""1873571609590592"", ""avatar_url"": ""https://img7.iqiyipic.com/passport/20250412/f7/75/passport_1873571609590592_174445523060943_130_130.jpg"", ""comment_time"": ""04-12"", ""comment_content"": ""又提前了 爱奇艺不会准点的"", ""like_count"": ""1336""}, {""nickname"": ""冰雪上的彩虹🌈"", ""user_id"": ""1007593292146743"", ""avatar_url"": ""https://img7.iqiyipic.com/passport/20200825/f0/88/passport_1007593292146743_159833280928543_130_130.png"", ""comment_time"": ""04-15"", ""comment_content"": ""《无忧渡》以细腻的情感刻画和深刻的人性探讨打动人心。作品通过主人公从迷茫到觉醒的心路历程，展现了现代人在精神困境中寻求解脱的普遍命题。作者巧妙运用象征手法，将\""渡\""这一意象贯穿全文，既指涉物理空间的跨越，更暗喻心灵境界的超越。叙事节奏张弛有度，既有现实主义的扎实描写，又不乏浪漫主义的诗意想象。特别是对人物内心世界的挖掘入木三分，使读者在共鸣中获得启迪。作品语言凝练优美，富有画面感的场景描写与哲理性的心理独白相得益彰，展现出作者深厚的文学功底。结尾处豁然开朗的顿悟处理得恰到好处，既避免了说教之嫌，又完美呼应了开篇的悬念，堪称当代心灵成长题材的佳作。"", ""like_count"": ""287""}, {""nickname"": ""🥝心动猕猴桃🥝"", ""user_id"": ""1623124354"", ""avatar_url"": ""https://img7.iqiyipic.com/passport/20250316/2c/fa/passport_1623124354_174212042114584_130_130.png"", ""comment_time"": ""04-12"", ""comment_content"": ""最强捉妖搭档就是我们半夏啦[色]"", ""like_count"": ""1466""}, {""nickname"": ""国产剧能不能雄起"", ""user_id"": ""821759217500453"", ""avatar_url"": ""https://img7.iqiyipic.com/passport/20200622/31/c7/passport_821759217500453_159279590653415_130_130.jpg"", ""comment_time"": ""04-12"", ""comment_content"": ""绮梦世界，妖异横行；命定宿缘，并肩捉妖。鸮吟，回春，换命，入画，双生，化妖...六大话本书写广平奇异诡话，渡人渡妖亦渡情。欢迎来看无忧渡。"", ""like_count"": ""1426""}]"
借命而生,https://www.iqiyi.com/tvg/to_page_url?album_id=MjcxOTA0MTQxMTYyMzEwMQ%3D%3D&app_version=13.034.21571&ext_params=rpage%3Dpcw_home%26block%3Dpca_recommend_hot_ranklist%26rseat%3Dimage_2%26r%3D2719041411623101%26position%3D2%26a%3Dimage%26bstp%3D3%26stype%3D0%26vfrm%3Dpcw_home%26vfrmblk%3Dpca_recommend_hot_ranklist%26vfrmrst%3Dimage_2&on_record=1&timestamp=1745514026840&tv_id=NzY4OTI2MTAwNjMyMzUwMA%3D%3D&sign=D30A8731B168EC822229E58ACCB54706,http://pic6.iqiyipic.com/image/20250423/69/b1/a_100572197_m_601_m6_592_333.avif,"暂无推荐分
敬请期待","暂无推荐分
敬请期待",九十年代初，心怀刑警理想却困守看守所的杜湘东，意外察觉在押犯徐文国、姚斌彬的非凡学识与制造能力，颇为欣赏。然而随着调查深入，两人秘密研制枪械并涉嫌杀害六机厂车间主任李超的案件浮出水面，昔日同窗刑警张向阳与自己对真相的判断截然相反，促使杜湘东孤身踏上破案之路。未料转运二犯的押解途中惊生变故，两人趁机脱逃，杜湘东竭力将姚斌彬逮捕，而徐文国则遁入茫茫人海。从此，杜湘东展开了一场对徐文国长达二十余年的追捕。这场追捕不仅渗透进他们亲人朋友的生活，甚至变成了两人命运的驱动和底色。在时代洪流的裹挟中，书写着平凡众生隐忍中的璀璨光芒，为那些扎根泥土却仰望星空的坚韧灵魂，谱就一曲荡气回肠的生命史诗。,"陆川, 秦昊, 韩庚, 钟楚曦, 史彭元, 林博洋, 柳小海, 苏小玎, 张晶伟, 艾丽娅, 梁天, 沈雨倩, 果靖霖","[{""nickname"": ""弈剑の＆听雨阁"", ""user_id"": ""5485776074803456"", ""avatar_url"": ""https://img7.iqiyipic.com/passport/20241125/4a/b1/passport_5485776074803456_173254309489024_130_130.jpg"", ""comment_time"": ""04-18"", ""comment_content"": ""有多少人是为了秦昊来的 举起手"", ""like_count"": ""2021""}, {""nickname"": ""逸晨想要点一杯Mojit..."", ""user_id"": ""2402056730"", ""avatar_url"": ""https://img7.iqiyipic.com/passport/20250412/53/b8/passport_2402056730_174445290712336_130_130.jpg"", ""comment_time"": ""04-18"", ""comment_content"": ""秦昊必看，无证之罪，猎狼者，隐秘的角落，漫长的季节，三大队，没有不好看的剧"", ""like_count"": ""611""}, {""nickname"": ""✘回忆✘"", ""user_id"": ""1258000083"", ""avatar_url"": ""https://img7.iqiyipic.com/passport/20241031/72/ff/passport_1258000083_173035484375639_130_130.jpg"", ""comment_time"": ""04-18"", ""comment_content"": ""有多少是为了过来看秦昊韩庚来的举个爪爪我看看有多少[呲牙][呲牙][呲牙]"", ""like_count"": ""265""}, {""nickname"": ""逸晨想要点一杯Mojit..."", ""user_id"": ""2402056730"", ""avatar_url"": ""https://img7.iqiyipic.com/passport/20250412/53/b8/passport_2402056730_174445290712336_130_130.jpg"", ""comment_time"": ""04-18"", ""comment_content"": ""有谁和我一样是来看秦昊的，举起小手手！"", ""like_count"": ""201""}, {""nickname"": ""喜欢骑行の司徒秀逸"", ""user_id"": ""1606101714"", ""avatar_url"": ""https://img7.iqiyipic.com/passport/20180716/2c/c1/passport_1606101714_153167012587771_130_130.jpg"", ""comment_time"": ""23小时前"", ""comment_content"": ""借命而生电视剧观后感\n\n最后一集拍的非常好，但第9集，省略了些许事情，直接到第10集，不拖沓但有点快，最后一集的拍摄手法是前面都没有运用到的，欺骗自己也欺骗了观众，然后在最后结尾交代，那个梦很真实，能让你体会要失去很重要的人，无能为力的感觉，在最绝望的时候醒来，发现最重要的就在你身边，反差极大，情感的感觉非常到位，同时又在多出暗示，重要的人确实不在，床上的枕头没有褶皱，只有声音没有其人，年龄没有变化，依旧停留在离开的年纪，同事的对象介绍，被他打断，以及环境一直没有改变，都搬去市里，而他留下来，综合之前她想去市里的想法，加上案子已破，没有留下的理由，但他还在，就有所暗示，最后一段的摄影表达都是为了前面所铺设的暗示和不合理的地方一个解释，包括用掀门帘这个动作去表达，一掀开就是一个场景，一个房间门帘被掀开，一个房间的发生的事情被演绎出来，没有连贯，而是告知你答案，又慢慢把过程慢慢道来，这种镜头很有感觉，包括前几集开始时，男主在窗口，镜头在窗外，随着镜头拉远 ，窗户栅栏将男主关在屋里，也表达了他自己人生也像在监狱里一样，画地为牢，大半辈子都在这里，没有离开过，随着最后，被拆除废弃，也预告了结局，他的牢笼被拆除他也即将从这件事物当中解脱出来，事情终将大白于天下，他的牢笼被拆除，他做最后的努力去终结，而他对抗的人终于得到了对应惩罚，他也终于认清了现实，一直陪伴他的，而他一直没有好好陪伴的 早已逝去，不见，从恍惚到恍然大悟，到最后的阳光洒在脸上，在那树林迷雾里的光终于突破那层雾，那迟来光，那个他等了半辈子的光！终于 照射到他的脸上，他的心里，至此完结。"", ""like_count"": ""2""}, {""nickname"": ""最喜欢追剧的朋友"", ""user_id"": ""1502321492"", ""avatar_url"": ""https://img7.iqiyipic.com/passport/20240725/0a/84/passport_1502321492_172182366178328_130_130.jpg"", ""comment_time"": ""04-18"", ""comment_content"": ""秦昊的剧不会差。有没有朋友跟我一样超级喜欢悬疑惊悚剧集合了"", ""like_count"": ""168""}, {""nickname"": ""舟辰化"", ""user_id"": ""1436543621281419"", ""avatar_url"": ""https://img7.iqiyipic.com/passport/20240812/ad/18/passport_1436543621281419_172343165468155_130_130.jpg"", ""comment_time"": ""04-18"", ""comment_content"": ""感觉秦昊真的可以啊，那么多悬疑剧《无证之罪》《江河水》《隐秘的角落》《三大队》《漫长的季节》，都喜欢噢，期待期待"", ""like_count"": ""83""}, {""nickname"": ""喜欢骑行の司徒秀逸"", ""user_id"": ""1606101714"", ""avatar_url"": ""https://img7.iqiyipic.com/passport/20180716/2c/c1/passport_1606101714_153167012587771_130_130.jpg"", ""comment_time"": ""23小时前"", ""comment_content"": ""借命而生电视剧观后感\n是我看完手打的有些仓促，也是想到什么说什么，请见谅\n\n最后一集拍的非常好，但第9集，省略了些许事情，直接到第10集，不拖沓但有点快，最后一集的拍摄手法是前面都没有运用到的，欺骗自己也欺骗了观众，然后在最后结尾交代，那个梦很真实，能让你体会要失去很重要的人，无能为力的感觉，在最绝望的时候醒来，发现最重要的就在你身边，反差极大，情感的感觉非常到位，同时又在多出暗示，重要的人确实不在，床上的枕头没有褶皱，只有声音没有其人，年龄没有变化，依旧停留在离开的年纪，同事的对象介绍，被他打断，以及环境一直没有改变，都搬去市里，而他留下来，综合之前她想去市里的想法，加上案子已破，没有留下的理由，但他还在，就有所暗示，最后一段的摄影表达都是为了前面所铺设的暗示和不合理的地方一个解释，包括用掀门帘这个动作去表达，一掀开就是一个场景，一个房间门帘被掀开，一个房间的发生的事情被演绎出来，没有连贯，而是告知你答案，又慢慢把过程慢慢道来，这种镜头很有感觉，包括前几集开始时，男主在窗口，镜头在窗外，随着镜头拉远 ，窗户栅栏将男主关在屋里，也表达了他自己人生也像在监狱里一样，画地为牢，大半辈子都在这里，没有离开过，随着最后，被拆除废弃，也预告了结局，他的牢笼被拆除他也即将从这件事物当中解脱出来，事情终将大白于天下，他的牢笼被拆除，他做最后的努力去终结，而他对抗的人终于得到了对应惩罚，他也终于认清了现实，一直陪伴他的，而他一直没有好好陪伴的 早已逝去，不见，从恍惚到恍然大悟，到最后的阳光洒在脸上，在那树林迷雾里的光终于突破那层雾，那迟来光，那个他等了半辈子的光！终于 照射到他的脸上，他的心里，至此完结。"", ""like_count"": ""1""}, {""nickname"": ""星辰格局"", ""user_id"": ""5463521768878848"", ""avatar_url"": ""https://img7.iqiyipic.com/passport/20241110/cb/a3/passport_5463521768878848_173116060299351_130_130.jpg"", ""comment_time"": ""04-21"", ""comment_content"": ""孙永红结婚前去崔丽珍家告别那段绝了，回忆杀直接让我哭成狗！"", ""like_count"": ""4""}]"
哈哈哈哈哈第5季,https://www.iqiyi.com/tvg/to_page_url?album_id=NDIxNjY4NTA0OTI3ODkwMQ%3D%3D&app_version=13.034.21571&ext_params=rpage%3Dpcw_home%26block%3Dpca_recommend_hot_ranklist%26rseat%3Dimage_3%26r%3D4216685049278901%26position%3D2%26a%3Dimage%26bstp%3D3%26stype%3D0%26vfrm%3Dpcw_home%26vfrmblk%3Dpca_recommend_hot_ranklist%26vfrmrst%3Dimage_3&on_record=1&timestamp=1745514026840&tv_id=Nzk5MDA3MzE5OTIyODkwMA%3D%3D&sign=09468264586A9FC892C82C7366C6E588,http://pic5.iqiyipic.com/image/20250410/33/bd/a_100596372_m_601_m6_592_333.avif,8.9,3759人评过,第五季，五哈团即将再次出发，共同探索祖国的更多未知美丽角落！期待和他们一起踏上“神金之巅”吧～,"邓超, 陈赫, 范志毅, 王勉, 马頔, 高瀚宇, 许昕, 艾福杰尼, 徐志胜, 哈妮克孜, 张颜齐, 周震南","[{""nickname"": ""A、囤里的人™"", ""user_id"": ""2423924772"", ""avatar_url"": ""https://img7.iqiyipic.com/passport/20160711/49/44/passport_2423924772_146817052295720_130_130.jpg"", ""comment_time"": ""04-20"", ""comment_content"": ""今年的五哈，感觉没有往年得好看搞笑，感觉特没意思，都是快进看。"", ""like_count"": ""282""}, {""nickname"": ""sadam.💖"", ""user_id"": ""5168609852726272"", ""avatar_url"": ""https://img7.iqiyipic.com/passport/20240731/e8/d5/passport_5168609852726272_172234070696937_130_130.jpg"", ""comment_time"": ""04-20"", ""comment_content"": ""我感觉挺好的，这是熟人局，很热闹。大家都是来帮忙的，那些感觉无聊的人能不能不要破坏啊，感觉不好看可以划走 ，没有人逼着你看 ，不要在这刷存在感[微笑][微笑][微笑][微笑]"", ""like_count"": ""224""}, {""nickname"": ""用户46ec1b68"", ""user_id"": ""1189878632"", ""avatar_url"": ""https://img7.iqiyipic.com/passport/20230215/dd/c2/passport_1189878632_167542770749785_130_130.png"", ""comment_time"": ""04-20"", ""comment_content"": ""没有之前那么好看了，质量降低了"", ""like_count"": ""113""}, {""nickname"": ""天外来物ii i"", ""user_id"": ""2241382745"", ""avatar_url"": ""https://img7.iqiyipic.com/passport/20221007/93/38/passport_2241382745_166503037458369_130_130.png"", ""comment_time"": ""04-20"", ""comment_content"": ""泼雪多有意思啊，结果不了了之了，反而那些尬游戏搞那么久"", ""like_count"": ""89""}, {""nickname"": ""倩倩哈哈哈哈"", ""user_id"": ""2486398811"", ""avatar_url"": ""https://img7.iqiyipic.com/passport/20220321/4a/23/passport_2486398811_164775810982457_130_130.jpg"", ""comment_time"": ""04-20"", ""comment_content"": ""只有我觉得这两期很尬吗[捂脸笑][捂脸笑]"", ""like_count"": ""74""}, {""nickname"": ""嘘嘘嘘嘘徐X🤫"", ""user_id"": ""5383658261306304"", ""avatar_url"": ""https://img7.iqiyipic.com/passport/20250202/c0/0b/passport_5383658261306304_173848132547353_130_130.jpg"", ""comment_time"": ""04-20"", ""comment_content"": ""#五哈5神金之巅#五哈神金特效第二弹[憨笑][笑哭]笑不活啦"", ""like_count"": ""49""}, {""nickname"": ""hanberger🍔"", ""user_id"": ""834252941821219"", ""avatar_url"": ""https://img7.iqiyipic.com/passport/20240825/a4/e8/passport_834252941821219_172446981387006_130_130.jpg"", ""comment_time"": ""04-20"", ""comment_content"": ""#五哈5神金之巅#每季都追！ 好爱！"", ""like_count"": ""44""}, {""nickname"": ""臻轸🍀"", ""user_id"": ""1635885670"", ""avatar_url"": ""https://img7.iqiyipic.com/passport/20191216/ec/de/passport_1635885670_157649487451034_130_130.jpg"", ""comment_time"": ""04-20"", ""comment_content"": ""挺好看的啊，大家为什么都这样说，大冬天的你要人家一直弄雪，感冒了可咋办，再说了超哥身体状况也不太好"", ""like_count"": ""48""}, {""nickname"": ""谢安琪给我出道"", ""user_id"": ""77734828610"", ""avatar_url"": ""https://img7.iqiyipic.com/passport/20200515/99/b0/passport_77734828610a487c8f30c1449c7f99b0_130_130.jpg?taskId=passport_1717170305_158947295322238"", ""comment_time"": ""04-20"", ""comment_content"": ""没有鹿晗在5哈终于像个正常的真人秀了"", ""like_count"": ""17""}, {""nickname"": ""接头暗号🐶"", ""user_id"": ""1364471080"", ""avatar_url"": ""https://img7.iqiyipic.com/passport/20211106/49/19/passport_1364471080_163610556221912_130_130.jpg"", ""comment_time"": ""04-20"", ""comment_content"": ""来啦来啦，居然提早发出来了[色][色]"", ""like_count"": ""34""}]"
乌云之上,https://www.iqiyi.com/tvg/to_page_url?album_id=NjcwMTc5NDg0NTQ1MzYwMQ%3D%3D&app_version=13.034.21571&ext_params=rpage%3Dpcw_home%26block%3Dpca_recommend_hot_ranklist%26rseat%3Dimage_4%26r%3D6701794845453601%26position%3D2%26a%3Dimage%26bstp%3D3%26stype%3D0%26vfrm%3Dpcw_home%26vfrmblk%3Dpca_recommend_hot_ranklist%26vfrmrst%3Dimage_4&on_record=1&timestamp=1745514026840&tv_id=Njc2OTE3Njc3ODk1MDgwMA%3D%3D&sign=B393B5C9FF6CEFBD0A953F4733ACF54E,http://pic3.iqiyipic.com/image/20250407/f6/81/a_100545222_m_601_m8_592_333.avif,"暂无推荐分
敬请期待","暂无推荐分
敬请期待",韩青是东州市刑侦队的女警官，因为不苟言笑只问工作被送外号“不高兴”，她与搭档钟伟合作多年十分默契，然而钟伟却在跟踪一位嫌疑人后失踪，快两个月杳无音信。韩青在焦虑、痛苦中处理着其它案件，同时不放弃任何与钟伟有关的线索。新出现的命案引起韩青的高度警觉，她通过蛛丝马迹判断命案与钟伟的失踪有关，尽管调查中阻力重重，真正的嫌犯最终还是浮出水面，而钟伟到底经历了什么也一点点变得清晰起来，警方抽丝剥茧，发现了失踪、杀人、贩毒三件大案的关联处，摸到了一个犯罪集团精心组织架构的网，也发现了隐藏在这个网背后的秘密。东州市刑侦队群策群力，一举破获了全案，犯罪分子悉数落网。,"花箐, 孙俪, 罗晋, 丁冠森, 李小冉, 王紫逸, 黄曼, 刘一莹, 王梓权, 周璞, 李洪涛, 刘冠成, 翟小兴, 宁晓志","[{""nickname"": ""逸晨想要点一杯Mojit..."", ""user_id"": ""2402056730"", ""avatar_url"": ""https://img7.iqiyipic.com/passport/20250412/53/b8/passport_2402056730_174445290712336_130_130.jpg"", ""comment_time"": ""04-03"", ""comment_content"": ""今年的碎尸案好像特别多。不过这个类型的我喜欢，好过那些傻白甜，恋爱脑"", ""like_count"": ""998""}, {""nickname"": ""评论小桃君"", ""user_id"": ""2660161713969793"", ""avatar_url"": ""https://img7.iqiyipic.com/passport/20220513/6b/b7/passport_2660161713969793_165241196247283_130_130.png"", ""comment_time"": ""02-15"", ""comment_content"": ""《乌云之上》盖楼啦！冲破黑暗，共赴光明！楼层在54、100、271的回复，将获得会员卡一份～"", ""like_count"": ""239""}, {""nickname"": ""Sissi RY"", ""user_id"": ""1656538569"", ""avatar_url"": ""https://img7.iqiyipic.com/passport/20181018/c9/11/passport_1656538569_153985377887947_130_130.jpg"", ""comment_time"": ""04-13"", ""comment_content"": ""这部剧让我们看到，原生家庭对孩子后天性格的塑造有多重要。尤其是母亲的品性，确定子女的性格取向，家庭的和谐程度，丈夫的运数。娶贤妻旺三代，反之就像韩青母亲，间接毁了家庭，毁了两个女儿的人生，她是原罪！[流泪]"", ""like_count"": ""8""}, {""nickname"": ""最喜欢追剧的朋友"", ""user_id"": ""1502321492"", ""avatar_url"": ""https://img7.iqiyipic.com/passport/20240725/0a/84/passport_1502321492_172182366178328_130_130.jpg"", ""comment_time"": ""04-03"", ""comment_content"": ""徐姑姑和房四井又合作了[应援][应援]"", ""like_count"": ""599""}, {""nickname"": ""逸晨想要点一杯Mojit..."", ""user_id"": ""2402056730"", ""avatar_url"": ""https://img7.iqiyipic.com/passport/20250412/53/b8/passport_2402056730_174445290712336_130_130.jpg"", ""comment_time"": ""04-03"", ""comment_content"": ""有多少人是为了孙俪跟罗晋来的 举起手"", ""like_count"": ""510""}, {""nickname"": ""小小疯癫"", ""user_id"": ""2329909173"", ""avatar_url"": ""https://img7.iqiyipic.com/passport/20250411/39/ea/passport_2329909173_174434902757730_130_130.png"", ""comment_time"": ""04-11"", ""comment_content"": ""9集韩青来钟伟家第一时间打开查一查，发现衣服莫名其妙消失了几件有点不对劲，肯定有另其人来过。"", ""like_count"": ""4""}, {""nickname"": ""演技派**"", ""user_id"": ""1621517077"", ""avatar_url"": ""https://img7.iqiyipic.com/passport/20210127/2b/88/passport_1621517077_161173237215296_130_130.png"", ""comment_time"": ""04-03"", ""comment_content"": ""永远只会一个表情的孙俪，再这样演下去老本都没得吃了。。。。"", ""like_count"": ""323""}, {""nickname"": ""An_baeb"", ""user_id"": ""1210929899"", ""avatar_url"": ""https://img7.iqiyipic.com/passport/20230121/0f/f8/passport_1210929899_167426986152491_130_130.png"", ""comment_time"": ""04-06"", ""comment_content"": ""一集都看不下去，真的节奏感和演员演技不行，迷雾剧场这次不带感！"", ""like_count"": ""156""}, {""nickname"": ""Sissi RY"", ""user_id"": ""1656538569"", ""avatar_url"": ""https://img7.iqiyipic.com/passport/20181018/c9/11/passport_1656538569_153985377887947_130_130.jpg"", ""comment_time"": ""04-13"", ""comment_content"": ""不得不说孙俪演技还是很炸裂，演什么像什么。把韩青这样一个有着童年创伤阴影的刑警演绎的很到位。既有女汉子的冲劲和担当，也有阴影影响的孤僻和乖张，还有大龄单身女青年的腼腆和羞涩。[大拇指]"", ""like_count"": ""2""}, {""nickname"": ""kg80118603"", ""user_id"": ""1478511764"", ""avatar_url"": ""https://img7.iqiyipic.com/passport/20231005/e4/82/passport_1478511764_169649532824310_130_130.jpg"", ""comment_time"": ""04-03"", ""comment_content"": ""孙俪的嘴巴总是鼓的，两个包，难看"", ""like_count"": ""140""}]"
种地吧第3季,https://www.iqiyi.com/tvg/to_page_url?album_id=NTc4MjUxMjc4Mzk5MDQwMQ%3D%3D&app_version=13.034.21571&ext_params=rpage%3Dpcw_home%26block%3Dpca_recommend_hot_ranklist%26rseat%3Dimage_5%26r%3D5782512783990401%26position%3D2%26a%3Dimage%26bstp%3D3%26stype%3D0%26vfrm%3Dpcw_home%26vfrmblk%3Dpca_recommend_hot_ranklist%26vfrmrst%3Dimage_5&on_record=1&timestamp=1745514026840&tv_id=NTQ2NjQ1OTQ0MjMzNjUwMA%3D%3D&sign=02F84050A5E87D792D4FE141C60A9EE4,http://pic5.iqiyipic.com/image/20250228/71/dd/a_100590905_m_601_m5_592_333.avif,9.5,16.5万人评过,十个勤天将继续建设后陡门，结合农文旅发展优势，打造一个农产品交流集散中心，吸收各地优秀特产，为“新农人”们提供更优质的宣传平台，产销贯通，回馈土地，持续发力。,"陈少熙, 何浩楠, 蒋敦豪, 李耕耘, 李昊, 鹭卓, 王一珩, 赵小童, 卓沅, 赵一博","[{""nickname"": ""芋泥酱曲奇"", ""user_id"": ""646406238901089"", ""avatar_url"": ""https://img7.iqiyipic.com/passport/20241005/18/f7/passport_646406238901089_172810187971092_130_130.jpg"", ""comment_time"": ""04-06"", ""comment_content"": ""十个勤天做大做强"", ""like_count"": ""981""}, {""nickname"": ""芋泥酱曲奇"", ""user_id"": ""646406238901089"", ""avatar_url"": ""https://img7.iqiyipic.com/passport/20241005/18/f7/passport_646406238901089_172810187971092_130_130.jpg"", ""comment_time"": ""04-06"", ""comment_content"": ""十个勤天[应援][应援]"", ""like_count"": ""813""}, {""nickname"": ""Li-木木夕🌾"", ""user_id"": ""1453968853"", ""avatar_url"": ""https://img7.iqiyipic.com/passport/20250227/25/94/passport_1453968853_174063452851337_130_130.png"", ""comment_time"": ""04-06"", ""comment_content"": ""果然又提前了[鼓掌]"", ""like_count"": ""660""}, {""nickname"": ""万喜何多多"", ""user_id"": ""3622966785051776"", ""avatar_url"": ""https://img7.iqiyipic.com/passport/20250301/73/81/passport_3622966785051776_174083937982880_130_130.png"", ""comment_time"": ""04-06"", ""comment_content"": ""十个勤天"", ""like_count"": ""437""}, {""nickname"": ""莫见相思"", ""user_id"": ""1775100339"", ""avatar_url"": ""https://img7.iqiyipic.com/passport/20230810/01/25/passport_1775100339_169164990688113_130_130.jpg"", ""comment_time"": ""04-06"", ""comment_content"": ""十个勤天只能是十个勤天"", ""like_count"": ""345""}, {""nickname"": ""鸡蛋黄🐑🐝😁"", ""user_id"": ""5707602109500096"", ""avatar_url"": ""https://img7.iqiyipic.com/passport/20250201/b1/d4/passport_5707602109500096_173840458314306_130_130.jpg"", ""comment_time"": ""04-06"", ""comment_content"": ""十个勤天 做大做强 永远大步向前！农民富裕 农业繁荣 农村和谐！一起走下去吧十个勤天永远都只是十个勤天！"", ""like_count"": ""275""}, {""nickname"": ""往心里去了"", ""user_id"": ""5693512267968768"", ""avatar_url"": ""https://img7.iqiyipic.com/passport/20250224/65/7e/passport_5693512267968768_173902136575343_130_130.jpg"", ""comment_time"": ""04-06"", ""comment_content"": ""永远坚定的陪着你们！"", ""like_count"": ""149""}, {""nickname"": ""要和十勤在公开场合多多见..."", ""user_id"": ""4542486433357824"", ""avatar_url"": ""https://img7.iqiyipic.com/passport/20241116/4c/b9/passport_4542486433357824_173166464481292_130_130.jpg"", ""comment_time"": ""04-06"", ""comment_content"": ""来了！今天减脂餐！"", ""like_count"": ""143""}, {""nickname"": ""大头狮子"", ""user_id"": ""6909"", ""avatar_url"": ""https://img7.iqiyipic.com/passport/20200502/37/b3/passport_6909b468a33049268e80b47ce43e37b3_130_130.png?taskId=passport_1324809430_158839957747430"", ""comment_time"": ""04-09"", ""comment_content"": ""加更有没有可能时长再长一点。"", ""like_count"": ""127""}, {""nickname"": ""鸡蛋黄🐑🐝😁"", ""user_id"": ""5707602109500096"", ""avatar_url"": ""https://img7.iqiyipic.com/passport/20250201/b1/d4/passport_5707602109500096_173840458314306_130_130.jpg"", ""comment_time"": ""04-06"", ""comment_content"": ""大家朝着同一个目标努力的样子真好[应援]"", ""like_count"": ""119""}]"
北上,https://www.iqiyi.com/tvg/to_page_url?album_id=MTk3MTQyMjg0MTU2NjMwMQ%3D%3D&app_version=13.034.21571&ext_params=rpage%3Dpcw_home%26block%3Dpca_recommend_hot_ranklist%26rseat%3Dimage_6%26r%3D1971422841566301%26position%3D2%26a%3Dimage%26bstp%3D3%26stype%3D0%26vfrm%3Dpcw_home%26vfrmblk%3Dpca_recommend_hot_ranklist%26vfrmrst%3Dimage_6&on_record=1&timestamp=1745514026841&tv_id=NzMxOTQ2MjU1MDUxMDMwMA%3D%3D&sign=4B3C3D5A817802EF4792E9DFA2F6934E,http://pic6.iqiyipic.com/image/20250331/f7/52/a_100537284_m_601_m16_592_333.avif,8.5,10.2万人评过,围绕几个在运河沿岸一起长大的少男少女，远离成长的运河家乡花街，时隔多年再度重聚，在历经竞争和生活的重压后，重新看到新生活希望的故事。通过这群江南少年的视角，不仅让观众目睹他们的成长轨迹，更感受到百余年来大运河从断流到新生的沧桑历史，体会博大厚重的中国运河文化在历史的长河中生生不息。,"姚晓峰, 白鹿, 欧豪, 翟子路, 高至霆, 李宛妲, 刘恒甫, 胡军, 李乃文, 岳旸, 齐欢, 刘威葳, 童蕾, 涂凌, 刘敏, 朱铁, 褚栓忠, 王学圻, 萨日娜, 叶祖新, 吴其江, 张天阳, 周德华, 曹艳艳, 孙斌, 王艺禅, 曹阳（女演员）, 赵雅莉, 丁文博, 严晓频, 东靖川, 顾宇峰, 韩昊霖, 李洛伊, 李庆誉, 周俞辰, 周庆昀","[{""nickname"": ""好好的my"", ""user_id"": ""2582054080348416"", ""avatar_url"": ""https://img7.iqiyipic.com/passport/20250205/f3/e6/passport_2582054080348416_173874872863422_130_130.jpg"", ""comment_time"": ""03-16"", ""comment_content"": ""北上真的有很多触动我的地方\n       首先运船题材就很新颖，故事背景好，融合各种文化，吸引各年龄段的人喜欢\n        其次是故事情节，小时候的华子，因为家里老一辈的人都想要男孩子，所以华子没有得到奶奶的喜爱，但妈妈依旧很爱她，给她带牙戴等等；小时候的他们无无忧无虑，可以去偷西瓜，可以到河里游泳，在巷子里快乐的奔跑，而且转场也很绝。\n      她如野蛮生长的野草般蓬勃有朝气，又如向阳而生的花儿般灿烂美丽，出身市井却思想独立，在梦想无限伸张的都市里，她在人群中闪闪发光，她是“夏凤华”正在努力的北漂一族\n      运河的水好像越来越少了 高速公路的车也越来越多了 花街烟火繁华如过往云烟 原来这就是长\n 大水汤汤，溯流北上，青春做伴好，还我故乡《北上》是一代人成长时代社会发展的缩影。"", ""like_count"": ""396""}, {""nickname"": ""忭鹿"", ""user_id"": ""3964133116578816"", ""avatar_url"": ""https://img7.iqiyipic.com/passport/20250406/fe/7d/passport_3964133116578816_174392510196445_130_130.png"", ""comment_time"": ""03-06"", ""comment_content"": ""一口气追完热播的《北上》，心情久久难以平静，这部剧就像一把钥匙，打开了我对往昔岁月与时代变迁的复杂情绪。\n\n从制作层面来说，《北上》的取景是一大亮点，真实还原了运河边的生活，让我真切感受到了运河对沿岸人民的深远影响 ，那些古旧的建筑、悠悠的河水，都带着岁月的厚重感。镜头语言也很有特色，一镜到底的长镜头运用得十分巧妙，比如大华子牵着思艺挨家挨户串门的场景，自然流畅地展现了邻里之间的温馨，让我回忆起小时候在邻里间自由穿梭的快乐时光。\n\n剧情方面，它以一群运河边长大的孩子的成长为主线，生动地展现了时代浪潮下小人物的命运沉浮。从年少时的天真无邪，下河捞蚌、偷西瓜，到长大后面对生活的压力与迷茫，每个人的转变都刻画得细腻入微。剧中对运河兴衰与沿岸居民生活变化的描写，尤其触动我。曾经依靠运河为生的人们，因工业发展、河水污染，传统生计难以为继，不得不另谋出路，这不仅是个人的困境，更是时代发展的必然代价 。\n\n再谈谈演员的表现，白鹿饰演的夏凤华很有突破，短发、牙套、涂黑的皮肤，从形象上就贴合了那个时代的少女。她把夏凤华的活泼、仗义以及面对生活挫折时的坚韧都演绎了出来 。欧豪饰演的谢望和也不错，将角色的聪明、有冲劲展现得较为到位。小演员们的表现也可圈可点，把孩子们的纯真与童趣诠释得淋漓尽致。《北上》让我看到了时代巨轮下普通人的悲欢离合，它有瑕疵，但也有打动人心的力量，让我忍不住思考自己的成长与时代的关系，是一部值得一看的剧。"", ""like_count"": ""270""}, {""nickname"": ""逸晨想要点一杯Mojit..."", ""user_id"": ""2402056730"", ""avatar_url"": ""https://img7.iqiyipic.com/passport/20250412/53/b8/passport_2402056730_174445290712336_130_130.jpg"", ""comment_time"": ""03-03"", ""comment_content"": ""来看白鹿的这里集合啦！！[应援]"", ""like_count"": ""6781""}, {""nickname"": ""雾里青～"", ""user_id"": ""5544994916137728"", ""avatar_url"": ""https://img7.iqiyipic.com/passport/20250303/86/fb/passport_5544994916137728_174097253274312_130_130.jpg"", ""comment_time"": ""03-27"", ""comment_content"": ""白鹿演的真的不错，深度共情下的细腻演绎。从少女时代的灵动、成年时期的隐忍到病后重生的绽放，夏凤华成长路上的每一步，白鹿和她一起踏的很稳，在每个眼神中，在一颦一笑中，没有大开大合，没有主角光环，白鹿通过一个个细节的完美诠释，让我们看到夏凤华成长的每一个阶梯，这又何尝不是演员白鹿成长的坐标呢，这种演员与角色的双向互哺，很难得，很珍贵，所以当我们看到披着婚纱的夏凤华朝着儿时的夏凤华呼喊，“华子跑慢一点”，脑中会清晰的呈现出夏凤华的生命流淌，她是夏凤华的，是运河之子的，又何尝不是我们的。"", ""like_count"": ""50""}, {""nickname"": ""苏暮姌"", ""user_id"": ""5610964137360448"", ""avatar_url"": ""https://img7.iqiyipic.com/passport/20241230/8c/67/passport_5610964137360448_173556282356597_130_130.jpg"", ""comment_time"": ""03-18"", ""comment_content"": ""这部剧的整体质感我非常喜欢，一些镜头艺术也让我感受到了导演的拍摄功底，每个演员都很用心的让书中的角色变得鲜活立体，每次看剧的时候都让我有一种在回顾自己过去的感觉，看得我又心酸又好笑，我最喜欢里面演员们的微表情和眼神戏，让感情戏变得更加细腻，而且里面很多旁白让我认识到了很多没有关注过的运河边上的文化故事，虽然很多人说旁白出戏，但我觉得它作为一部讲大运河的献礼剧，理应有这些旁白来让我们庄重地认识运河以及运河文化故事，整体来说，这部剧从故事到角色，从布景到演员，都让我感到这部剧的用心创作，以及演员们的角色打磨，每次看剧的时候自己就会不自觉的沉浸，回味无穷"", ""like_count"": ""63""}, {""nickname"": ""弈剑の＆听雨阁"", ""user_id"": ""5485776074803456"", ""avatar_url"": ""https://img7.iqiyipic.com/passport/20241125/4a/b1/passport_5485776074803456_173254309489024_130_130.jpg"", ""comment_time"": ""03-03"", ""comment_content"": ""有多少人喜欢白鹿的新剧《北上》来这里举个小手😘"", ""like_count"": ""4180""}, {""nickname"": ""恬淡樸拙"", ""user_id"": ""44638926391"", ""avatar_url"": ""https://img7.iqiyipic.com/passport/20200520/0a/75/passport_44638926391a404bb2bbe3926e1c0a75_130_130.png?taskId=passport_1833979282_157980834868917"", ""comment_time"": ""04-12"", ""comment_content"": ""非常好的一部长篇小说。初听第一遍，小说反映的历史很厚重、意蕴很深邃，同时线索很切割、片段很独立。作为读者，一时是难以把不同故事，系统串联起来看成一个完整故事的；也不能一下子把不同人物，交织联系起来看出一种人文气息的。这就需要反复咀嚼和仔细品味。目前读完后的唯一的初浅感觉，就是先进时的中华民族所创造的历史厚重而优越的京杭大运河，在创造历史的中华民族精神衰退和落后时，也就只能成为一条失落的历史旧物。与衰败时代交织相伴的中国人民或者说中国普通百姓，其命运也必然跌宕起伏、饱受磨难，甚至付出生命；与复兴时代与共的中国百姓也必然否极泰来。随着中华民族伟大复兴展现光明前景，运河与百姓会更创造新的历史故事。"", ""like_count"": ""3""}, {""nickname"": ""落木萧萧wz"", ""user_id"": ""1820425890"", ""avatar_url"": ""https://img7.iqiyipic.com/passport/20191121/24/43/passport_1820425890_157431986192869_130_130.jpg"", ""comment_time"": ""03-06"", ""comment_content"": ""对运河边上的人们来说，运河就是他们的一辈子，向阳而生，一路北上"", ""like_count"": ""113""}, {""nickname"": ""灿若星辰🍦3335"", ""user_id"": ""8"", ""avatar_url"": ""https://img7.iqiyipic.com/passport/20200427/b5/13/passport_8e34dbe0557d4497b138a1b40581b513_130_130.jpg?taskId=passport_1841213431_158797025279799"", ""comment_time"": ""03-30"", ""comment_content"": ""适用话题 1：自立自强作文运用写作举例观点句：自立自强，是立身之本，能让人在人生的道路上独立前行，创造辉煌。事例概述：谢浩男在与父亲团聚后，面对父亲价值不菲的豪车和教育基金，他婉言谢绝。他清楚地认识到，真正的成长需要靠自己的努力。秉持着自立自强的信念，他决心在学术道路上凭借自身拼搏，实现梦想。深刻论证：“自助者，天助之。” 自立自强是一种宝贵的精神品质，它能让人摆脱对他人的依赖，培养独立思考和解决问题的能力。谢浩男拒绝坐享其成，选择依靠自己的努力追求梦想，展现出了超越年龄的成熟与担当。在生活中，我们也会面临各种诱惑和机遇，只有像谢浩男一样，坚持自立自强，才能在人生的旅途中披荆斩棘，实现自己的人生价值。结尾句：让我们扬起自立自强的风帆，驶向成功的彼岸，书写属于自己的壮丽人生。适用话题 2：正确对待财富作文运用写作举例观点句：正确对待财富，才能不为财富所惑，坚守内心的追求。事例概述：谢浩男面对父亲给予的巨额财富，没有被财富冲昏头脑，而是保持清醒的认识。他深知，财富固然重要，但不能成为衡量人生价值的唯一标准，真正的价值在于通过自身努力实现梦想。深刻论证：“财富如水，能载舟，亦能覆舟。” 财富是一把双刃剑，正确对待财富，能为人生增添助力；错误对待财富，会让人迷失方向。谢浩男用理智和清醒，做出了正确的选择，展现出对财富的正确态度。在现实生活中，我们应学习谢浩男，树立正确的财富观，不盲目追求财富，而是让财富为实现人生价值服务。结尾句：让我们以正确的态度对待财富，在追求梦想的道路上，保持内心的纯净与坚定。"", ""like_count"": ""9""}]"
念无双,https://www.iqiyi.com/tvg/to_page_url?album_id=NjUzNTc0NjUxNDk3ODgwMQ%3D%3D&app_version=13.034.21571&ext_params=rpage%3Dpcw_home%26block%3Dpca_recommend_hot_ranklist%26rseat%3Dimage_7%26r%3D6535746514978801%26position%3D2%26a%3Dimage%26bstp%3D3%26stype%3D0%26vfrm%3Dpcw_home%26vfrmblk%3Dpca_recommend_hot_ranklist%26vfrmrst%3Dimage_7&on_record=1&timestamp=1745514026841&tv_id=MjA4MTMxOTU2NTAwNzIwMA%3D%3D&sign=314804A81CEF01038141CB7A52B4EF50,http://pic9.iqiyipic.com/image/20250328/26/32/a_100542320_m_601_m5_592_333.avif,"暂无推荐分
敬请期待","暂无推荐分
敬请期待",神魔大战，源生天神泰和利用神器“神之左手”封印魔神，神之左手被斩断坠落人界，泰和与众神陷入长眠，自此人界再无神迹。战鬼族趁乱崛起，引发大战，有狐族源仲得神之左手，打败战鬼族，再创休明盛世。自此有狐族成为人间新一代神明。神女无双受天界之托，化身人族少女进入有狐一族成为源仲的贴身侍女，计划夺回神之左手。但无双却看到本可用神之左手反抗的源仲被族人孤立诋毁，她心疼至极，无双决定保护源仲，帮助他解开封印，开心的度过生命中所剩不多的时光。而源仲却有自己的意图——解开封印，毁掉这个世界。战鬼族的归来在有狐族内部引起恐慌。源仲借机下山解开封印。但路途中却被无双所治愈，终于两个人互诉心意，情投意合。最后男主却被反派利用这段情感，自断神手。无双也陷入反派圈套。最终源仲救出无双，两人联手克敌合力打败了韩女，恢复世间秩序。,"郭虎, 唐嫣, 刘学义, 郭晓婷, 王弘毅, 周柯宇, 张俪, 陈楚河, 郑希怡, 白澍, 郑业成, 马启越, 修庆, 郑国霖, 傅淼, 杨肸子, 曾淇, 丁嘉文, 李泊文, 朱戬","[{""nickname"": ""弈剑の＆听雨阁"", ""user_id"": ""5485776074803456"", ""avatar_url"": ""https://img7.iqiyipic.com/passport/20241125/4a/b1/passport_5485776074803456_173254309489024_130_130.jpg"", ""comment_time"": ""03-27"", ""comment_content"": ""有多少人是为了唐嫣来的 举起手"", ""like_count"": ""6508""}, {""nickname"": ""逸晨想要点一杯Mojit..."", ""user_id"": ""2402056730"", ""avatar_url"": ""https://img7.iqiyipic.com/passport/20250412/53/b8/passport_2402056730_174445290712336_130_130.jpg"", ""comment_time"": ""03-27"", ""comment_content"": ""念无双你有唐嫣是你的福气！[泣不成声]"", ""like_count"": ""2133""}, {""nickname"": ""♥普罗米 ★修斯 ♥"", ""user_id"": ""1259462429"", ""avatar_url"": ""https://img7.iqiyipic.com/passport/20230915/24/0e/passport_1259462429_169473403744582_130_130.png"", ""comment_time"": ""04-15"", ""comment_content"": ""这么一部好剧值得推荐一下，虽然一开始服化道不惊艳，但是完全不耽误被剧情，演技所吸引，这个作者必须赞一个，让当代写小说的都看看什么叫文化人，不仅有哲学思维，更重要的是传出更高的价值观，你看它是一部仙侠剧但是仿佛说的是人族，科技创新，尊师重道等正确价值观。不是老套路得三生三世爱的死去活来，立意新颖独特，思维创新不俗套。编剧，导演，演员演技全部达到新高度！唐嫣的演技越来越好，刘学义演的到位。一个不以流量求热度的剧，这是自仙剑后，唯一靠口碑获得热度的剧。这十年仙侠剧唯一让我觉得眼前一亮的剧。当然也有一些不完美，但是确实帮助了仙侠剧走出困境。终于知道唐嫣为啥接这个剧，选的不错。人还是不要以自我想象来揣测别人，走出自己的认为的世界，去认真看看会发现新世界。"", ""like_count"": ""14""}, {""nickname"": ""这口锅谁TM来背一下"", ""user_id"": ""2058103716"", ""avatar_url"": ""https://img7.iqiyipic.com/passport/20191206/11/62/passport_2058103716_157557640669328_130_130.jpg"", ""comment_time"": ""03-27"", ""comment_content"": ""唐嫣的第一部一番女主仙侠剧，多多支持"", ""like_count"": ""1391""}, {""nickname"": ""Luck丶潇潇"", ""user_id"": ""1366415194"", ""avatar_url"": ""https://img7.iqiyipic.com/passport/20250408/e2/fd/passport_1366415194_174405109949721_130_130.jpg"", ""comment_time"": ""03-27"", ""comment_content"": ""终于有唐嫣的剧了哎，之前才看完繁花[憨笑]"", ""like_count"": ""1220""}, {""nickname"": ""听雨三境seven"", ""user_id"": ""2104941598"", ""avatar_url"": ""https://img7.iqiyipic.com/passport/20201021/55/7c/passport_2104941598_160326488471358_130_130.jpg"", ""comment_time"": ""04-14"", ""comment_content"": ""姬谭音，你原本是个情缘很浅的人，可是在成神之后，你仍然选择活在人群中，做了数不清利民之事。你始终秉持内心的正义和公正，未曾偏移真我，不曾臣服于权威，也没有上位者的盛气凌人，你待人真诚包容，处事果敢坚定, 你传道授业，惩恶扬善，你始终保持求知欲和探索欲，有神的视野慈悲和大爱，也有人的谦逊坚持韧性。没有人会不喜欢神女无双啊。"", ""like_count"": ""4""}, {""nickname"": ""困困帆"", ""user_id"": ""1769421897"", ""avatar_url"": ""https://img7.iqiyipic.com/passport/20190717/71/03/passport_1769421897_156333740618076_130_130.jpg"", ""comment_time"": ""03-27"", ""comment_content"": ""唐嫣的剧都很好看，汪小姐恋恋不忘"", ""like_count"": ""1096""}, {""nickname"": ""爱小冯的小赵"", ""user_id"": ""2290704595"", ""avatar_url"": ""https://img7.iqiyipic.com/passport/20250225/7c/c5/passport_2290704595_174049656173853_130_130.jpg"", ""comment_time"": ""03-27"", ""comment_content"": ""唐嫣的兵在哪！！！"", ""like_count"": ""877""}, {""nickname"": ""DWL雯"", ""user_id"": ""96"", ""avatar_url"": ""https://img7.iqiyipic.com/passport/20200418/99/33/passport_96c2206087444145b4593404f2fc9933_130_130.jpg?taskId=passport_1694355316_158713991366842"", ""comment_time"": ""04-17"", ""comment_content"": ""本人觉得是近几年来最好看的电视剧了，好久好久没看过电视剧了，最后面为了看念无双还花了18块钱看大结局，只能说念无双这部剧值得我们喜欢，演员也很好，剧情也很不错，念无双很好很好"", ""like_count"": ""8""}, {""nickname"": ""最喜欢追剧的朋友"", ""user_id"": ""1502321492"", ""avatar_url"": ""https://img7.iqiyipic.com/passport/20240725/0a/84/passport_1502321492_172182366178328_130_130.jpg"", ""comment_time"": ""03-27"", ""comment_content"": ""有没有朋友跟我一样，为了唐嫣刘学义而来。举爪爪集合了"", ""like_count"": ""797""}]"
恋爱兄妹,https://www.iqiyi.com/tvg/to_page_url?album_id=ODA2Nzg4MzI4NDA4ODIwMQ%3D%3D&app_version=13.034.21571&ext_params=rpage%3Dpcw_home%26block%3Dpca_recommend_hot_ranklist%26rseat%3Dimage_8%26r%3D8067883284088201%26position%3D2%26a%3Dimage%26bstp%3D3%26stype%3D0%26vfrm%3Dpcw_home%26vfrmblk%3Dpca_recommend_hot_ranklist%26vfrmrst%3Dimage_8&on_record=1&timestamp=1745514026841&tv_id=ODU0OTk4NDk2MDkxNDIwMA%3D%3D&sign=86ED6B221696C010E70F592F86F35372,http://pic4.iqiyipic.com/image/20250422/a5/41/a_100591521_m_601_m6_592_333.avif,7.9,7919人评过,邀请4对原生兄妹或姐弟入住小屋，在手足的注视和参与下，各自寻找心仪的另一半。节目打破传统恋综模式，爱情、亲情双线并行，开局隐藏手足身份，洞察原生家庭对感情的影响，过程不再是孤身一人的寻爱之旅，而是笑料不断的“真假丘比特”之谜，也是心动不已和手足温情交织的全新旅程。,"蒋敦豪, 宋妍霏, 吴尊, 小鹿, 杨亘, 朱丹, 木春, 黄子弘凡","[{""nickname"": ""Lola919"", ""user_id"": ""1157374498"", ""avatar_url"": ""https://img7.iqiyipic.com/passport/20180909/e6/bc/passport_1157374498_153646897423803_130_130.jpg"", ""comment_time"": ""04-10"", ""comment_content"": ""我个人觉得图图和花花一个很假，一个很自卑"", ""like_count"": ""15""}, {""nickname"": ""爱阅读de漆雕白易"", ""user_id"": ""2511208289"", ""avatar_url"": ""https://img7.iqiyipic.com/passport/20170503/58/97/passport_2511208289_149382072741374_130_130.jpg"", ""comment_time"": ""04-10"", ""comment_content"": ""看了相当于没看呀"", ""like_count"": ""93""}, {""nickname"": ""诺楠阿柒"", ""user_id"": ""1531354443"", ""avatar_url"": ""https://img7.iqiyipic.com/passport/20241005/f9/18/passport_1531354443_172787867550765_130_130.jpg"", ""comment_time"": ""04-10"", ""comment_content"": ""等了那么久，苏州汤面部分才一点点[难过]"", ""like_count"": ""60""}, {""nickname"": ""干啥都成🍂"", ""user_id"": ""867"", ""avatar_url"": ""https://img7.iqiyipic.com/passport/20200503/9c/f3/passport_867a1a57039c4bd7879058bf53a29cf3_130_130.jpg?taskId=passport_2132033885_158843557966715"", ""comment_time"": ""04-10"", ""comment_content"": ""节目组你在想什么?抠死你算了！把所有人的约会放出来能咋滴，酥糖两期加起来有五分钟吗？我感觉我白等了一个星期[微笑]"", ""like_count"": ""52""}, {""nickname"": ""187****5063_..."", ""user_id"": ""1225412102"", ""avatar_url"": ""https://img7.iqiyipic.com/passport/20180411/e0/01/passport_1225412102_152343468737440_130_130.jpg"", ""comment_time"": ""04-10"", ""comment_content"": ""怎么没有其他两组约会！差评"", ""like_count"": ""55""}, {""nickname"": ""葵葵☁️☁️"", ""user_id"": ""834010209068406"", ""avatar_url"": ""https://img7.iqiyipic.com/passport/20210530/83/33/passport_834010209068406_159315954680174_130_130.jpg"", ""comment_time"": ""04-10"", ""comment_content"": ""不懂节目组在干嘛，果然糊还是有原因的，明明其实明星嘉宾都请的挺好的了，结果还这样剪辑，前五期不知道放了些什么，时长也短"", ""like_count"": ""47""}, {""nickname"": ""盼山又见山."", ""user_id"": ""1759568870"", ""avatar_url"": ""https://img7.iqiyipic.com/passport/20220710/15/b2/passport_1759568870_165744497887182_130_130.jpg"", ""comment_time"": ""04-10"", ""comment_content"": ""又来看酥糖了"", ""like_count"": ""30""}, {""nickname"": ""泺夕"", ""user_id"": ""2446274533"", ""avatar_url"": ""https://img7.iqiyipic.com/passport/20170906/0c/b8/passport_2446274533_150465530398817_130_130.jpg"", ""comment_time"": ""04-10"", ""comment_content"": ""好家伙，这期酥糖只有一点点就算了，下期还查无此酥糖[微笑]"", ""like_count"": ""25""}, {""nickname"": ""姐妹ll"", ""user_id"": ""2461110402"", ""avatar_url"": ""https://img7.iqiyipic.com/passport/20240413/ba/34/passport_2461110402_171297341612847_130_130.jpg"", ""comment_time"": ""04-10"", ""comment_content"": ""没得看头 就开头几分钟"", ""like_count"": ""22""}]"
黄雀,https://www.iqiyi.com/tvg/to_page_url?album_id=MzYyNzA5MzE1MTIxOTIwMQ%3D%3D&app_version=13.034.21571&ext_params=rpage%3Dpcw_home%26block%3Dpca_recommend_hot_ranklist%26rseat%3Dimage_9%26r%3D3627093151219201%26position%3D2%26a%3Dimage%26bstp%3D3%26stype%3D0%26vfrm%3Dpcw_home%26vfrmblk%3Dpca_recommend_hot_ranklist%26vfrmrst%3Dimage_9&on_record=1&timestamp=1745514026842&tv_id=Njk5Nzc5NDA0NTU3MjQwMA%3D%3D&sign=F2F71492ADB91ED853010F6416B2DDED,http://pic2.iqiyipic.com/image/20250328/de/9c/a_100551893_m_601_m10_592_333.avif,7.7,2.7万人评过,社会生活流悬疑警匪剧《黄雀》，以2004年的荔城火车站为背景，讲述了一系列环环相扣、惊险刺激的铁路反扒案件，以日常、真实的群像手法道出大鹏、黎小莲、佛爷、李唐、花姐等各色人物酸甜苦辣的人生故事，黑白对立间斗智斗勇，风声鹤唳中好戏上演。,"卢伦常, 郭京飞, 秦岚, 祖峰, 陈靖可, 郭柯宇, 赵滨, 王浩信, 吕晓霖, 张皓然, 马吟吟, 王铮, 路宏, 郭丞, 周政杰, 姜大卫, 尤勇智, 何蓝逗, 刘頔, 房子斌, 沈晓海, 刘帅良, 宁文彤, 赵蕴卓","[{""nickname"": ""2858626453"", ""user_id"": ""1085436818"", ""avatar_url"": ""https://img7.iqiyipic.com/passport/20150805/18/passport_1085436818_143877142136410_130_130.jpg"", ""comment_time"": ""03-23"", ""comment_content"": ""有人说趴火车假的，其实你是没经历过那个年代，小时候火车慢，从天津到内蒙古呼伦贝尔盟扎兰屯市要两个白天一个晚上，32小时，中间还得导火车，现在有直飞两个小时就到了，那时候跟着父母经常往返，所以见过趴在火车顶玩的小孩，尤其拉煤拉木头的车开的很慢很慢，经常有淘气的小孩爬上去坐着吹风，坐一段再下来跑回来等第二趟，大孩儿带着小孩儿，来大人管就赶紧下来跑远，过会儿又回来了，这些路段是比较偏远的小站，还有当年上山下乡的知情有很多没钱坐车爬火车的，那个年代大家都穷家里人口多，逃票的，火车上贼特别多，而且是团伙作案，火车站里好多叫花子过夜的，里面什么人都有，票贩子，人贩子，小偷，而且，他们是有帮派的，有组织的，那时候小偷真的很猖獗，北方最有名的神偷“小馒头”可以问问现在七十多岁的以前常出门的或者混过的都知道他，还有劫长途汽车的，后来国家下大力度反扒，成立反扒大队经过多年努力才好起来的，当年凡事经常出门的没有不被偷的！还有第一个镜头就是吃鸡，那个年代火车站好多卖烤鸡和德州扒鸡的，巨好吃，相对也比较贵，很多人舍不得买，所以小孩儿看得入迷了馋啊！那时候还没到方便面统治的年代，这剧真的很真实的还原了那个年代！那时候工资才几十块一个月，火车上吃盒饭是很奢侈的事，我记得10块一盒，我吃的时候别人都很羡慕，因为真的很好吃很好吃！去火车餐车吃饭就更奢侈了，更贵，不是谁都舍得去的！姜医生那款手机moto V7，8000多，对呀当时一个月挣一千多两千多算是不错收入的人来说真的是巨贵，谁在路上用都得被多看几眼的，剧里很多细节都是那个年代特有的，真的很还原，唯一就是乘务员穿空姐服时间早了，以前都是男女一样的墨兰色长裤长挂！那时候诺基亚真的是制霸天下，质量巨好，其次是moto款式新颖但是质量比诺基亚差点！"", ""like_count"": ""230""}, {""nickname"": ""ぃ泡泡o○🐼❤️"", ""user_id"": ""4371893727"", ""avatar_url"": ""https://img7.iqiyipic.com/passport/20250316/88/f9/passport_4371893727_174212216958344_130_130.jpg"", ""comment_time"": ""03-21"", ""comment_content"": ""#黄雀案情分析会#第一集里黎小莲的镊子，是不是也是对她后面身份的暗示[愉快]"", ""like_count"": ""32""}, {""nickname"": ""逸晨想要点一杯Mojit..."", ""user_id"": ""1772707004"", ""avatar_url"": ""https://img7.iqiyipic.com/passport/20250422/34/3a/passport_1772707004_174531100817803_130_130.jpg"", ""comment_time"": ""03-18"", ""comment_content"": ""有没有人是为郭京飞而来的？"", ""like_count"": ""1345""}, {""nickname"": ""糖果茉莉🌼"", ""user_id"": ""5591755365891776"", ""avatar_url"": ""https://img7.iqiyipic.com/passport/20250415/5d/02/passport_5591755365891776_174467789960014_130_130.jpg"", ""comment_time"": ""04-15"", ""comment_content"": ""爱奇艺最近出的龚宇出品，王晓辉监制的剧都不错。但是一些细节就没注意，比如鹏哥做过肝移植手术，肝移植手术的伤疤应该是在腹部呈奔驰标样子，但剧里化妆把他的位置提高了，都到胸腔了，这是不对的。再比如乌云之上里，师傅的女儿做换肾手术，这个手术是大手术，得全麻，出来至少要在ICU待一晚上，6-8小时内要去枕平躺，剧中直接从手术室推出来了，还垫着枕头，还能跟他妈说两句话，这是不符合实际情况的，希望爱奇艺再出好剧的同时，注意细节，不要留常识错误的瑕疵。"", ""like_count"": ""3""}, {""nickname"": ""qxzl🧺"", ""user_id"": ""4668931142956096"", ""avatar_url"": ""https://img7.iqiyipic.com/passport/20250318/0c/2e/passport_4668931142956096_174230093843524_130_130.jpg"", ""comment_time"": ""03-18"", ""comment_content"": ""哇让我看看多少是为了秦岚来的！！！[应援][应援]"", ""like_count"": ""699""}, {""nickname"": ""用户哈哈哈哈"", ""user_id"": ""1581064780"", ""avatar_url"": ""https://img7.iqiyipic.com/passport/20210531/d9/39/passport_1581064780_159317769596120_130_130.png"", ""comment_time"": ""04-10"", ""comment_content"": ""好看  \n演的都好好，怎么评分？我给五星\n电视剧审美终于回来了，再也不是磨皮美颜小鲜肉的这种LJ剧了！！"", ""like_count"": ""2""}, {""nickname"": ""凯陆陆"", ""user_id"": ""1259221997"", ""avatar_url"": ""https://img7.iqiyipic.com/passport/20210318/75/3a/passport_1259221997_161599720560050_130_130.jpg"", ""comment_time"": ""03-23"", ""comment_content"": ""非常喜欢郭京飞老师，郭京飞是一位备受认可的实力派演员，他的演技以细腻、真实和多变著称，能够深入挖掘角色的内心世界，赋予角色鲜明的个性和生命力。角色塑造的深度与层次感，郭京飞擅长塑造复杂多面的角色，无论是《都挺好》中的“妈宝男”苏明成，还是《黄雀》中的颓废警察郭鹏飞，他都能通过细腻的表演展现角色的多维度性格。例如，在《黄雀》中，他通过标志性的“眼皮微动”动作，将角色的烟火气和市井智慧表现得淋漓尽致。"", ""like_count"": ""7""}]"
想飞的女孩,http://www.iqiyi.com/v_1j1bm2zm1bc.html?playrecord=false&rpage=pcw_home&block=pca_recommend_hot_ranklist&rseat=image_10&r=5540258700229700&position=2&a=image&bstp=3&stype=0,http://pic2.iqiyipic.com/image/20250423/81/59/v_179727932_m_601_m5_592_333.avif,"暂无推荐分
敬请期待","暂无推荐分
敬请期待",影片讲述了一对表姐妹二十余年的成长与救赎：拼死逃离毒窟的田恬走投无路，前去寻找已决裂五年的表姐方笛。但此时，为了生存和梦想已伤痕累累的方笛并没有做好接纳表妹的准备。随着犯罪分子的步步紧逼，姐妹二人命运的齿轮不得不重新咬合在一起……,"文晏, 刘浩存, 文淇, 张宥浩, 刘奕铁, 彭静, 建康, 杨皓宇, 周游, 耿乐","[{""nickname"": ""逸晨想要点一杯Mojit..."", ""user_id"": ""2402056730"", ""avatar_url"": ""https://img7.iqiyipic.com/passport/20250412/53/b8/passport_2402056730_174445290712336_130_130.jpg"", ""comment_time"": ""昨天 09:42"", ""comment_content"": ""为刘浩存而来的有没有？举起小手手"", ""like_count"": ""183""}, {""nickname"": ""逸晨想要点一杯Mojit..."", ""user_id"": ""2402056730"", ""avatar_url"": ""https://img7.iqiyipic.com/passport/20250412/53/b8/passport_2402056730_174445290712336_130_130.jpg"", ""comment_time"": ""昨天 09:43"", ""comment_content"": ""被片段勾引进来以为是平淡的双女主细腻爱情\n结果看到了两个女主分别的视角下的苦难 \n但我仍想神话女性 在任何时候都有拯救自己的韧性 \n露露也不是叛逆的产物 在从小就缺爱被教唆去骗钱的情况下 唯一信任的姐姐在其视角中也是为了独善其身把她丢下了 就像剧中所说 露露是世界上唯一完完全全属于她的东西 她把她所期望的爱期望的待遇都给了露露 慢慢弥补拯救自己的内心 \n明明鼓起了勇气决定重新开始了还是被现实重重一击。\n啊啊啊啊剧中女性除了姐妹俩还有姑姑最后也是把家庭不幸归结到自己身上真的看的好心疼。没有谁生来就是欠谁的 希望女性能真正的正视自己 明白自己需要什么 想要做什么 我们从来不缺重新开始的勇气 我们坚韧勇敢。"", ""like_count"": ""80""}, {""nickname"": ""顾清寒-🐾"", ""user_id"": ""1556788847674816"", ""avatar_url"": ""https://img7.iqiyipic.com/passport/20230209/fb/eb/passport_1556788847674816_167524238872540_130_130.jpg"", ""comment_time"": ""昨天 04:41"", ""comment_content"": ""剧本一般，莫名其妙一头雾水，逻辑不清不楚，但演员演技不错"", ""like_count"": ""30""}, {""nickname"": ""爱喝黄酒的大帅哥"", ""user_id"": ""1387188124"", ""avatar_url"": ""https://img7.iqiyipic.com/passport/20191221/93/4b/passport_1387188124_157686393699343_130_130.png"", ""comment_time"": ""昨天 03:35"", ""comment_content"": ""是不是她们都在摆脱原生家庭的束缚，姐姐从小就耳濡目染舅舅跟妈妈要钱，妈妈和爸爸为了舅舅的事经常吵架。妹妹则从小就被自己的爸爸逼着要钱，又亲眼看着爸爸吸毒。姐妹俩都想要飞，想要真正属于自己的生活。可奈何摆脱不了亲情的束缚，姐姐赚的每一分钱都给了家里还债，妹妹被自己爸爸一直要钱，哪怕她自己过的并不好，她想挣脱，于是选择报警，结果被报复的更惨。\n她们也很无辜，只是想好好的生活，想飞在天空自由自在，没有束缚，随心所欲，可最终妹妹不在了，姐姐穿上了妹妹的衣服，替妹妹完成了梦想。"", ""like_count"": ""15""}, {""nickname"": ""爱喝红茶の令狐念真"", ""user_id"": ""1388905785"", ""avatar_url"": ""https://img7.iqiyipic.com/passport/20250423/0a/1f/passport_1388905785_174537706238294_130_130.png"", ""comment_time"": ""昨天 10:57"", ""comment_content"": ""刘浩存是真的好美"", ""like_count"": ""16""}, {""nickname"": ""hh✪～"", ""user_id"": ""1488563594250688"", ""avatar_url"": ""https://img7.iqiyipic.com/passport/20241017/74/b0/passport_1488563594250688_172915579336444_130_130.jpg"", ""comment_time"": ""昨天 10:52"", ""comment_content"": ""浩存 你的兵来了 我们上次还在路演见过"", ""like_count"": ""14""}, {""nickname"": ""s土土."", ""user_id"": ""4796702057937280"", ""avatar_url"": ""https://img7.iqiyipic.com/passport/20250215/d1/bc/passport_4796702057937280_173958821652302_130_130.png"", ""comment_time"": ""昨天 00:58"", ""comment_content"": ""真的好喜欢这两个人 盐的很好 但就是感觉剧情确实有一丢丢看不懂 但我是奔着存子去的 所以我会多刷几遍直到看懂[色]好美的存子 好帅的文淇"", ""like_count"": ""5""}]"
